step,orbit_index,sat_lat_deg,sat_lon_deg,footprint_radius_m,footprint_area_km2,footprint_earth_surface_ratio,footprint_horizon_utilization_ratio,covered_population_total,covered_population_points,covered_population_ratio,covered_ocean_points,covered_ocean_ratio,covered_population_places,covered_ocean_places
0,2896,36.29771870325872,139.6476333897474,98838.16666666667,30690.16582283345,6.016918941231692e-05,0.03732185512320653,43095005,8,0.018168717252137298,1,0.0006357279084551812,Tokyo|City|Japan;Yokohama|City|Japan;Kawasaki|City|Japan;Utsunomiya|City|Japan;Hachiōji|City|Japan;Mito|City|Japan;Maebashi|City|Japan;Kawagoe|City|Japan,Unknown River|River|Japan
1,2897,36.35987138532939,139.6473656319477,98838.16735157961,30690.166248177073,6.0169190246218606e-05,0.03732185526179851,39397111,7,0.016609696885058214,1,0.0006357279084551812,Tokyo|City|Japan;Kawasaki|City|Japan;Utsunomiya|City|Japan;Hachiōji|City|Japan;Mito|City|Japan;Maebashi|City|Japan;Kawagoe|City|Japan,Unknown River|River|Japan
2,2898,36.42202406696387,139.64709788334153,98838.16940631764,30690.167524207456,6.0169192747922704e-05,0.03732185567757429,37959845,6,0.016003750103752344,1,0.0006357279084551812,Tokyo|City|Japan;Utsunomiya|City|Japan;Hachiōji|City|Japan;Mito|City|Japan;Maebashi|City|Japan;Kawagoe|City|Japan,Unknown River|River|Japan
3,2899,36.484176747725954,139.6468301531225,98838.17283087799,30690.16965092294,6.0169196917425975e-05,0.037321856370533285,37959845,6,0.016003750103752344,1,0.0006357279084551812,Tokyo|City|Japan;Utsunomiya|City|Japan;Hachiōji|City|Japan;Mito|City|Japan;Maebashi|City|Japan;Kawagoe|City|Japan,Unknown River|River|Japan
4,2900,36.54632942717942,139.64656245048434,98838.1776252569,30690.172628321274,6.0169202754724e-05,0.037321857340674766,37380446,5,0.015759477325337046,1,0.0006357279084551812,Tokyo|City|Japan;Utsunomiya|City|Japan;Mito|City|Japan;Maebashi|City|Japan;Kawagoe|City|Japan,Unknown River|River|Japan
5,2901,36.608482104888076,139.6462947846211,98838.18378944849,30690.17645639894,6.016921025980988e-05,0.03732185858799748,1704446,4,0.0007185890208282007,1,0.0006357279084551812,Utsunomiya|City|Japan;Mito|City|Japan;Maebashi|City|Japan;Kawagoe|City|Japan,Unknown River|River|Japan
