sent_packets_used,decoded_payload_mean,idle_demodulators_mean,busy_demodulators_mean
10,10.0,487.99676375404533,1.0
15,15.0,504.2631578947368,1.0
40,40.0,568.2307692307693,1.0
95,94.97916666666667,455.25,1.0
167,167.0,599.0,1.0
255,254.71627906976735,498.0,2.0
390,388.84999999999997,593.0,2.0
686,594.9555555555557,523.6666666666666,3.0
1048,700.0640000000001,547.0,5.0
1599,810.3585365853658,529.5853658536586,7.0
