step,elevation_deg,target_elevation_deg,footprint_km,n_user,estimated_devices_total,snr_mean_db,snr_p50_db,snr_p90_db,sinr_mean_db,sinr_p50_db,sinr_p90_db,snr_minus_sinr_mean_db
998,90.0,90,500,5000,79988,-24.51299938157676,-24.019199480031432,-19.05852041931956,-24.78270483715657,-24.192847437216848,-19.714076235580958,0.2697054555798099
1017,55.344586079125804,55,500,5000,54021,-24.321647585710696,-23.68390005401425,-18.94800576868674,-24.596959452785157,-23.87851269575731,-19.587214382671633,0.27531186707445526
1042,29.12909334119132,25,500,33,33,-24.389121550244266,-24.17484214454134,-18.4905138337158,-24.65746992645605,-24.309076315830062,-19.220515947375233,0.2683483762117858
