elevation_deg,footprint_count,snr_mean_db,snr_p50_db,snr_p90_db,sinr_mean_db,sinr_p50_db,sinr_p90_db
29,1,-24.389121550244273,-24.174842144541344,-18.49051383371574,-24.657469926456052,-24.30907631583007,-19.220515947375176
55,1,-24.321647585710668,-23.68390005401424,-18.948005768686734,-24.59695945278512,-23.8785126957573,-19.58721438267163
90,1,-24.51299938157675,-24.01919948003141,-19.05852041931956,-24.78270483715656,-24.192847437216784,-19.71407623558096
